{"energy": -1587.0058018143, "free_energy": -1587.0058018143, "forces": {"__ndarray__": [[5, 3], "float64", [0.04287850670264, -0.0031502713574622, -0.025943703697098, -0.35934693337889, 2.2749064963466, -0.7420003306318, -0.12396388098105, 0.4048802845483, 1.1471173090052, 0.50565153475601, 0.18082379769889, -0.16251007326665, -0.065208448953898, -2.8571665404014, -0.21678820597697]]}, "stress": {"__ndarray__": [[6], "float64", [-0.00795087351334, -0.031657977318123, -0.0089722270276913, -0.0014192588360172, 0.00054006303966018, -0.00024854707984395]]}}