{"energy": -1586.8331438968, "free_energy": -1586.8331438968, "forces": {"__ndarray__": [[5, 3], "float64", [0.0026939808297503, -0.011662619172344, 0.026859560468242, -0.027447574117565, 3.6628622348225, -0.29796985940973, 0.00076858181563857, 0.21807080350785, 0.59225925265708, 0.069377933678864, 0.21825015408925, -0.018737565650392, -0.045405013940918, -4.0874325548616, -0.30249812150042]]}, "stress": {"__ndarray__": [[6], "float64", [-0.0045593199599872, -0.035677025856672, -0.0097044499335527, -0.0026356045775769, 7.2901940642269e-05, -0.00061127037819997]]}}